-- SECURITY
INSERT INTO USER (ID, USERNAME, PASSWORD, FIRSTNAME, LASTNAME, EMAIL, DNI, ENABLED, LASTPASSWORDRESETDATE) VALUES (20, 'admin', '$2a$08$lDnHPz7eUkSi6ao14Twuau08mzhWrL4kyZGGU5xfiGALO/Vxd5DOi', 'admin', 'admin', 'admin@admin.com', 11111111, 1, PARSEDATETIME('01-01-2016', 'dd-MM-yyyy'));
INSERT INTO USER (ID, USERNAME, PASSWORD, FIRSTNAME, LASTNAME, EMAIL, DNI, ENABLED, LASTPASSWORDRESETDATE) VALUES (21, 'user', '$2a$08$UkVvwpULis18S19S5pZFn.YHPZt3oaqHZnDwqbCW9pft6uFtkXKDC', 'user', 'user', 'enabled@user.com', 11111111, 1, PARSEDATETIME('01-01-2016','dd-MM-yyyy'));
INSERT INTO USER (ID, USERNAME, PASSWORD, FIRSTNAME, LASTNAME, EMAIL, DNI, ENABLED, LASTPASSWORDRESETDATE) VALUES (22, 'disabled', '$2a$08$UkVvwpULis18S19S5pZFn.YHPZt3oaqHZnDwqbCW9pft6uFtkXKDC', 'user', 'user', 'disabled@user.com', 11111111, 0, PARSEDATETIME('01-01-2016','dd-MM-yyyy'));

INSERT INTO AUTHORITY (ID, NAME) VALUES (1, 'ROLE_USER');
INSERT INTO AUTHORITY (ID, NAME) VALUES (2, 'ROLE_ADMIN');

INSERT INTO NOTIFICATION (ID, TITLE, SUBJECT, DESCRIPTION, CREATEDDATE) VALUES (1, 'test','test','test',sysdate);

INSERT INTO USER_AUTHORITY (USER_ID, AUTHORITY_ID) VALUES (20, 1);
INSERT INTO USER_AUTHORITY (USER_ID, AUTHORITY_ID) VALUES (20, 2);
INSERT INTO USER_AUTHORITY (USER_ID, AUTHORITY_ID) VALUES (21, 1);
INSERT INTO USER_AUTHORITY (USER_ID, AUTHORITY_ID) VALUES (22, 1);


-- ALUMNIS
insert into ALUMNI_PROFILE (ID, TELEPHONE, ALTERNATIVE_TELEPHONE, MAXIMUM_EDUCATION, PESCAR_CENTER, COUNSELOR, GRADUATION_YEAR, USER_ID) values (21, 1509276274, 1561494945, 'Universidad', 'Cordoba', 'Calla', 2001, 20);
insert into ALUMNI_PROFILE (ID, TELEPHONE, ALTERNATIVE_TELEPHONE, MAXIMUM_EDUCATION, PESCAR_CENTER, COUNSELOR, GRADUATION_YEAR, USER_ID) values (22, 1500479177, 1524864295, 'Maestria', 'Cordoba', 'Calla', 1993, 21);
insert into ALUMNI_PROFILE (ID, TELEPHONE, ALTERNATIVE_TELEPHONE, MAXIMUM_EDUCATION, PESCAR_CENTER, COUNSELOR, GRADUATION_YEAR, USER_ID) values (23, 1512050663, 1589763064, 'Maestria', 'Lanus', 'Berk', 2000, 22);
insert into ALUMNI_PROFILE (ID, TELEPHONE, ALTERNATIVE_TELEPHONE, MAXIMUM_EDUCATION, PESCAR_CENTER, COUNSELOR, GRADUATION_YEAR) values (24, 1570892209, 1548295390, 'Maestria', 'Capital', 'Calla', 2001);
--insert into ALUMNI_PROFILE (ID, TELEPHONE, ALTERNATIVE_TELEPHONE, MAXIMUM_EDUCATION, PESCAR_CENTER, COUNSELOR, GRADUATION_YEAR) values (25, 1516510851, 1551828837, 'Secundaria', 'Capital', 'Mindy', 1991);
--insert into ALUMNI_PROFILE (ID, TELEPHONE, ALTERNATIVE_TELEPHONE, MAXIMUM_EDUCATION, PESCAR_CENTER, COUNSELOR, GRADUATION_YEAR) values (26, 1595455380, 1562311014, 'Secundaria', 'Capital', 'Ginnie', 1998);
--insert into ALUMNI_PROFILE (ID, TELEPHONE, ALTERNATIVE_TELEPHONE, MAXIMUM_EDUCATION, PESCAR_CENTER, COUNSELOR, GRADUATION_YEAR) values (27, 1562936989, 1514337096, 'Secundaria', 'Lanus', 'Berk', 2000);
--insert into ALUMNI_PROFILE (ID, TELEPHONE, ALTERNATIVE_TELEPHONE, MAXIMUM_EDUCATION, PESCAR_CENTER, COUNSELOR, GRADUATION_YEAR) values (28, 1565184650, 1542035361, 'Universidad', 'Capital', 'Roley', 2001);
--insert into ALUMNI_PROFILE (ID, TELEPHONE, ALTERNATIVE_TELEPHONE, MAXIMUM_EDUCATION, PESCAR_CENTER, COUNSELOR, GRADUATION_YEAR) values (29, 1519607466, 1512314903, 'Secundaria', 'Capital', 'Calla', 1992);
--insert into ALUMNI_PROFILE (ID, TELEPHONE, ALTERNATIVE_TELEPHONE, MAXIMUM_EDUCATION, PESCAR_CENTER, COUNSELOR, GRADUATION_YEAR) values (30, 1510069638, 1571566423, 'Universidad', 'Cordoba', 'Luke', 1995);
--insert into ALUMNI_PROFILE (ID, TELEPHONE, ALTERNATIVE_TELEPHONE, MAXIMUM_EDUCATION, PESCAR_CENTER, COUNSELOR, GRADUATION_YEAR) values (31, 1525538117, 1550917600, 'Universidad', 'Lanus', 'Calla', 2000);
--insert into ALUMNI_PROFILE (ID, TELEPHONE, ALTERNATIVE_TELEPHONE, MAXIMUM_EDUCATION, PESCAR_CENTER, COUNSELOR, GRADUATION_YEAR) values (32, 1536104646, 1539132930, 'Secundaria', 'San Juan', 'Calla', 1998);
--insert into ALUMNI_PROFILE (ID, TELEPHONE, ALTERNATIVE_TELEPHONE, MAXIMUM_EDUCATION, PESCAR_CENTER, COUNSELOR, GRADUATION_YEAR) values (33, 1509854373, 1595076725, 'Maestria', 'San Juan', 'Berk', 1997);
--insert into ALUMNI_PROFILE (ID, TELEPHONE, ALTERNATIVE_TELEPHONE, MAXIMUM_EDUCATION, PESCAR_CENTER, COUNSELOR, GRADUATION_YEAR) values (34, 1591295554, 1529045822, 'Universidad', 'San Juan', 'Berk', 1992);
--insert into ALUMNI_PROFILE (ID, TELEPHONE, ALTERNATIVE_TELEPHONE, MAXIMUM_EDUCATION, PESCAR_CENTER, COUNSELOR, GRADUATION_YEAR) values (35, 1546944458, 1581757476, 'Maestria', 'San Juan', 'Luke', 1992);
--insert into ALUMNI_PROFILE (ID, TELEPHONE, ALTERNATIVE_TELEPHONE, MAXIMUM_EDUCATION, PESCAR_CENTER, COUNSELOR, GRADUATION_YEAR) values (36, 1570540835, 1512242884, 'Secundaria', 'Capital', 'Mindy', 2000);
--insert into ALUMNI_PROFILE (ID, TELEPHONE, ALTERNATIVE_TELEPHONE, MAXIMUM_EDUCATION, PESCAR_CENTER, COUNSELOR, GRADUATION_YEAR) values (37, 1553745189, 1540102001, 'Universidad', 'San Juan', 'Berk', 1991);
--insert into ALUMNI_PROFILE (ID, TELEPHONE, ALTERNATIVE_TELEPHONE, MAXIMUM_EDUCATION, PESCAR_CENTER, COUNSELOR, GRADUATION_YEAR) values (38, 1566053508, 1536784983, 'Secundaria', 'Lanus', 'Calla', 1995);
--insert into ALUMNI_PROFILE (ID, TELEPHONE, ALTERNATIVE_TELEPHONE, MAXIMUM_EDUCATION, PESCAR_CENTER, COUNSELOR, GRADUATION_YEAR) values (39, 1507629131, 1516218708, 'Maestria', 'Cordoba', 'Luke', 1993);
--insert into ALUMNI_PROFILE (ID, TELEPHONE, ALTERNATIVE_TELEPHONE, MAXIMUM_EDUCATION, PESCAR_CENTER, COUNSELOR, GRADUATION_YEAR) values (40, 1506630178, 1518877916, 'Universidad', 'Lanus', 'Roley', 2001);
--insert into ALUMNI_PROFILE (ID, TELEPHONE, ALTERNATIVE_TELEPHONE, MAXIMUM_EDUCATION, PESCAR_CENTER, COUNSELOR, GRADUATION_YEAR) values (41, 1586732416, 1553336889, 'Maestria', 'Capital', 'Ginnie', 1994);
--insert into ALUMNI_PROFILE (ID, TELEPHONE, ALTERNATIVE_TELEPHONE, MAXIMUM_EDUCATION, PESCAR_CENTER, COUNSELOR, GRADUATION_YEAR) values (42, 1522328788, 1581214904, 'Secundaria', 'Lanus', 'Calla', 1994);
--insert into ALUMNI_PROFILE (ID, TELEPHONE, ALTERNATIVE_TELEPHONE, MAXIMUM_EDUCATION, PESCAR_CENTER, COUNSELOR, GRADUATION_YEAR) values (43, 1550839255, 1596907578, 'Maestria', 'San Juan', 'Mindy', 1993);
--insert into ALUMNI_PROFILE (ID, TELEPHONE, ALTERNATIVE_TELEPHONE, MAXIMUM_EDUCATION, PESCAR_CENTER, COUNSELOR, GRADUATION_YEAR) values (44, 1521673127, 1531386031, 'Maestria', 'Lanus', 'Ginnie', 1997);
--insert into ALUMNI_PROFILE (ID, TELEPHONE, ALTERNATIVE_TELEPHONE, MAXIMUM_EDUCATION, PESCAR_CENTER, COUNSELOR, GRADUATION_YEAR) values (45, 1585000150, 1586412667, 'Secundaria', 'San Juan', 'Berk', 1993);
--insert into ALUMNI_PROFILE (ID, TELEPHONE, ALTERNATIVE_TELEPHONE, MAXIMUM_EDUCATION, PESCAR_CENTER, COUNSELOR, GRADUATION_YEAR) values (46, 1517184772, 1585556321, 'Universidad', 'Lanus', 'Mindy', 2000);
--insert into ALUMNI_PROFILE (ID, TELEPHONE, ALTERNATIVE_TELEPHONE, MAXIMUM_EDUCATION, PESCAR_CENTER, COUNSELOR, GRADUATION_YEAR) values (47, 1526464120, 1579162576, 'Universidad', 'San Juan', 'Roley', 1997);
--insert into ALUMNI_PROFILE (ID, TELEPHONE, ALTERNATIVE_TELEPHONE, MAXIMUM_EDUCATION, PESCAR_CENTER, COUNSELOR, GRADUATION_YEAR) values (48, 1505098634, 1525314401, 'Maestria', 'Cordoba', 'Calla', 1996);
--insert into ALUMNI_PROFILE (ID, TELEPHONE, ALTERNATIVE_TELEPHONE, MAXIMUM_EDUCATION, PESCAR_CENTER, COUNSELOR, GRADUATION_YEAR) values (49, 1582888911, 1573938404, 'Universidad', 'Cordoba', 'Calla', 1999);
--insert into ALUMNI_PROFILE (ID, TELEPHONE, ALTERNATIVE_TELEPHONE, MAXIMUM_EDUCATION, PESCAR_CENTER, COUNSELOR, GRADUATION_YEAR) values (50, 1566608198, 1559605708, 'Secundaria', 'Cordoba', 'Mindy', 2001);
--insert into ALUMNI_PROFILE (ID, TELEPHONE, ALTERNATIVE_TELEPHONE, MAXIMUM_EDUCATION, PESCAR_CENTER, COUNSELOR, GRADUATION_YEAR) values (51, 1532073243, 1506972122, 'Universidad', 'Lanus', 'Mindy', 1999);
--insert into ALUMNI_PROFILE (ID, TELEPHONE, ALTERNATIVE_TELEPHONE, MAXIMUM_EDUCATION, PESCAR_CENTER, COUNSELOR, GRADUATION_YEAR) values (52, 1558918707, 1502483733, 'Secundaria', 'Lanus', 'Luke', 2000);
--insert into ALUMNI_PROFILE (ID, TELEPHONE, ALTERNATIVE_TELEPHONE, MAXIMUM_EDUCATION, PESCAR_CENTER, COUNSELOR, GRADUATION_YEAR) values (53, 1506225330, 1542034282, 'Secundaria', 'San Juan', 'Berk', 1993);
--insert into ALUMNI_PROFILE (ID, TELEPHONE, ALTERNATIVE_TELEPHONE, MAXIMUM_EDUCATION, PESCAR_CENTER, COUNSELOR, GRADUATION_YEAR) values (54, 1548314267, 1518101261, 'Universidad', 'Cordoba', 'Ginnie', 1996);
--insert into ALUMNI_PROFILE (ID, TELEPHONE, ALTERNATIVE_TELEPHONE, MAXIMUM_EDUCATION, PESCAR_CENTER, COUNSELOR, GRADUATION_YEAR) values (55, 1598271142, 1526079198, 'Secundaria', 'San Juan', 'Roley', 1993);
--insert into ALUMNI_PROFILE (ID, TELEPHONE, ALTERNATIVE_TELEPHONE, MAXIMUM_EDUCATION, PESCAR_CENTER, COUNSELOR, GRADUATION_YEAR) values (56, 1500472285, 1541338902, 'Maestria', 'San Juan', 'Berk', 2000);
--insert into ALUMNI_PROFILE (ID, TELEPHONE, ALTERNATIVE_TELEPHONE, MAXIMUM_EDUCATION, PESCAR_CENTER, COUNSELOR, GRADUATION_YEAR) values (57, 1534527746, 1526140763, 'Universidad', 'Capital', 'Luke', 1993);
--insert into ALUMNI_PROFILE (ID, TELEPHONE, ALTERNATIVE_TELEPHONE, MAXIMUM_EDUCATION, PESCAR_CENTER, COUNSELOR, GRADUATION_YEAR) values (58, 1525354279, 1544015959, 'Secundaria', 'San Juan', 'Luke', 1995);
--insert into ALUMNI_PROFILE (ID, TELEPHONE, ALTERNATIVE_TELEPHONE, MAXIMUM_EDUCATION, PESCAR_CENTER, COUNSELOR, GRADUATION_YEAR) values (59, 1599657001, 1556534095, 'Maestria', 'Capital', 'Ginnie', 1992);
--insert into ALUMNI_PROFILE (ID, TELEPHONE, ALTERNATIVE_TELEPHONE, MAXIMUM_EDUCATION, PESCAR_CENTER, COUNSELOR, GRADUATION_YEAR) values (60, 1522690772, 1533930845, 'Secundaria', 'Lanus', 'Luke', 1995);
--insert into ALUMNI_PROFILE (ID, TELEPHONE, ALTERNATIVE_TELEPHONE, MAXIMUM_EDUCATION, PESCAR_CENTER, COUNSELOR, GRADUATION_YEAR) values (61, 1586077673, 1520634096, 'Secundaria', 'Cordoba', 'Luke', 1992);
--insert into ALUMNI_PROFILE (ID, TELEPHONE, ALTERNATIVE_TELEPHONE, MAXIMUM_EDUCATION, PESCAR_CENTER, COUNSELOR, GRADUATION_YEAR) values (62, 1562734704, 1553514819, 'Maestria', 'San Juan', 'Berk', 1998);
--insert into ALUMNI_PROFILE (ID, TELEPHONE, ALTERNATIVE_TELEPHONE, MAXIMUM_EDUCATION, PESCAR_CENTER, COUNSELOR, GRADUATION_YEAR) values (63, 1562883739, 1531053987, 'Universidad', 'San Juan', 'Ginnie', 1991);
--insert into ALUMNI_PROFILE (ID, TELEPHONE, ALTERNATIVE_TELEPHONE, MAXIMUM_EDUCATION, PESCAR_CENTER, COUNSELOR, GRADUATION_YEAR) values (64, 1507934987, 1510703839, 'Universidad', 'Cordoba', 'Ginnie', 1997);
--insert into ALUMNI_PROFILE (ID, TELEPHONE, ALTERNATIVE_TELEPHONE, MAXIMUM_EDUCATION, PESCAR_CENTER, COUNSELOR, GRADUATION_YEAR) values (65, 1569826765, 1567798315, 'Maestria', 'San Juan', 'Luke', 1991);
--insert into ALUMNI_PROFILE (ID, TELEPHONE, ALTERNATIVE_TELEPHONE, MAXIMUM_EDUCATION, PESCAR_CENTER, COUNSELOR, GRADUATION_YEAR) values (66, 1530070265, 1538966988, 'Universidad', 'Lanus', 'Mindy', 1995);
--insert into ALUMNI_PROFILE (ID, TELEPHONE, ALTERNATIVE_TELEPHONE, MAXIMUM_EDUCATION, PESCAR_CENTER, COUNSELOR, GRADUATION_YEAR) values (67, 1539307159, 1532057664, 'Universidad', 'Cordoba', 'Luke', 1993);
--insert into ALUMNI_PROFILE (ID, TELEPHONE, ALTERNATIVE_TELEPHONE, MAXIMUM_EDUCATION, PESCAR_CENTER, COUNSELOR, GRADUATION_YEAR) values (68, 1580362554, 1519473392, 'Universidad', 'Capital', 'Mindy', 1990);
--insert into ALUMNI_PROFILE (ID, TELEPHONE, ALTERNATIVE_TELEPHONE, MAXIMUM_EDUCATION, PESCAR_CENTER, COUNSELOR, GRADUATION_YEAR) values (69, 1548188077, 1584631976, 'Maestria', 'San Juan', 'Roley', 1999);
--insert into ALUMNI_PROFILE (ID, TELEPHONE, ALTERNATIVE_TELEPHONE, MAXIMUM_EDUCATION, PESCAR_CENTER, COUNSELOR, GRADUATION_YEAR) values (70, 1585795731, 1506479429, 'Secundaria', 'San Juan', 'Mindy', 2001);
--insert into ALUMNI_PROFILE (ID, TELEPHONE, ALTERNATIVE_TELEPHONE, MAXIMUM_EDUCATION, PESCAR_CENTER, COUNSELOR, GRADUATION_YEAR) values (71, 1592579386, 1541617493, 'Universidad', 'Capital', 'Calla', 1994);
--insert into ALUMNI_PROFILE (ID, TELEPHONE, ALTERNATIVE_TELEPHONE, MAXIMUM_EDUCATION, PESCAR_CENTER, COUNSELOR, GRADUATION_YEAR) values (72, 1573033305, 1540371581, 'Maestria', 'San Juan', 'Mindy', 2000);
--insert into ALUMNI_PROFILE (ID, TELEPHONE, ALTERNATIVE_TELEPHONE, MAXIMUM_EDUCATION, PESCAR_CENTER, COUNSELOR, GRADUATION_YEAR) values (73, 1584956457, 1575287203, 'Secundaria', 'Capital', 'Luke', 1997);
--insert into ALUMNI_PROFILE (ID, TELEPHONE, ALTERNATIVE_TELEPHONE, MAXIMUM_EDUCATION, PESCAR_CENTER, COUNSELOR, GRADUATION_YEAR) values (74, 1569773018, 1578064690, 'Universidad', 'Capital', 'Berk', 1998);
--insert into ALUMNI_PROFILE (ID, TELEPHONE, ALTERNATIVE_TELEPHONE, MAXIMUM_EDUCATION, PESCAR_CENTER, COUNSELOR, GRADUATION_YEAR) values (75, 1586804507, 1598469901, 'Universidad', 'San Juan', 'Luke', 1995);
--insert into ALUMNI_PROFILE (ID, TELEPHONE, ALTERNATIVE_TELEPHONE, MAXIMUM_EDUCATION, PESCAR_CENTER, COUNSELOR, GRADUATION_YEAR) values (76, 1533790321, 1532841159, 'Secundaria', 'Cordoba', 'Ginnie', 2001);
--insert into ALUMNI_PROFILE (ID, TELEPHONE, ALTERNATIVE_TELEPHONE, MAXIMUM_EDUCATION, PESCAR_CENTER, COUNSELOR, GRADUATION_YEAR) values (77, 1567641202, 1523542085, 'Maestria', 'Cordoba', 'Luke', 1998);
--insert into ALUMNI_PROFILE (ID, TELEPHONE, ALTERNATIVE_TELEPHONE, MAXIMUM_EDUCATION, PESCAR_CENTER, COUNSELOR, GRADUATION_YEAR) values (78, 1515360742, 1550221080, 'Maestria', 'Lanus', 'Roley', 1992);
--insert into ALUMNI_PROFILE (ID, TELEPHONE, ALTERNATIVE_TELEPHONE, MAXIMUM_EDUCATION, PESCAR_CENTER, COUNSELOR, GRADUATION_YEAR) values (79, 1539946747, 1542088176, 'Maestria', 'San Juan', 'Roley', 1991);
--insert into ALUMNI_PROFILE (ID, TELEPHONE, ALTERNATIVE_TELEPHONE, MAXIMUM_EDUCATION, PESCAR_CENTER, COUNSELOR, GRADUATION_YEAR) values (80, 1504103029, 1598718728, 'Secundaria', 'Lanus', 'Luke', 1998);
--insert into ALUMNI_PROFILE (ID, TELEPHONE, ALTERNATIVE_TELEPHONE, MAXIMUM_EDUCATION, PESCAR_CENTER, COUNSELOR, GRADUATION_YEAR) values (81, 1584639636, 1530178663, 'Maestria', 'Cordoba', 'Roley', 1992);
--insert into ALUMNI_PROFILE (ID, TELEPHONE, ALTERNATIVE_TELEPHONE, MAXIMUM_EDUCATION, PESCAR_CENTER, COUNSELOR, GRADUATION_YEAR) values (82, 1526848936, 1505864172, 'Universidad', 'Lanus', 'Calla', 1999);
--insert into ALUMNI_PROFILE (ID, TELEPHONE, ALTERNATIVE_TELEPHONE, MAXIMUM_EDUCATION, PESCAR_CENTER, COUNSELOR, GRADUATION_YEAR) values (83, 1576517549, 1548575560, 'Universidad', 'Capital', 'Berk', 1995);
--insert into ALUMNI_PROFILE (ID, TELEPHONE, ALTERNATIVE_TELEPHONE, MAXIMUM_EDUCATION, PESCAR_CENTER, COUNSELOR, GRADUATION_YEAR) values (84, 1567495915, 1530372121, 'Maestria', 'Capital', 'Mindy', 1993);
--insert into ALUMNI_PROFILE (ID, TELEPHONE, ALTERNATIVE_TELEPHONE, MAXIMUM_EDUCATION, PESCAR_CENTER, COUNSELOR, GRADUATION_YEAR) values (85, 1520224486, 1572781754, 'Maestria', 'Lanus', 'Berk', 1997);
--insert into ALUMNI_PROFILE (ID, TELEPHONE, ALTERNATIVE_TELEPHONE, MAXIMUM_EDUCATION, PESCAR_CENTER, COUNSELOR, GRADUATION_YEAR) values (86, 1513330259, 1551244058, 'Universidad', 'Capital', 'Mindy', 1995);
--insert into ALUMNI_PROFILE (ID, TELEPHONE, ALTERNATIVE_TELEPHONE, MAXIMUM_EDUCATION, PESCAR_CENTER, COUNSELOR, GRADUATION_YEAR) values (87, 1515777104, 1503350932, 'Secundaria', 'San Juan', 'Luke', 1994);
--insert into ALUMNI_PROFILE (ID, TELEPHONE, ALTERNATIVE_TELEPHONE, MAXIMUM_EDUCATION, PESCAR_CENTER, COUNSELOR, GRADUATION_YEAR) values (88, 1565648183, 1592920758, 'Universidad', 'Cordoba', 'Mindy', 1997);
--insert into ALUMNI_PROFILE (ID, TELEPHONE, ALTERNATIVE_TELEPHONE, MAXIMUM_EDUCATION, PESCAR_CENTER, COUNSELOR, GRADUATION_YEAR) values (89, 1522128160, 1527720804, 'Maestria', 'Capital', 'Calla', 1999);
--insert into ALUMNI_PROFILE (ID, TELEPHONE, ALTERNATIVE_TELEPHONE, MAXIMUM_EDUCATION, PESCAR_CENTER, COUNSELOR, GRADUATION_YEAR) values (90, 1567111508, 1588343623, 'Maestria', 'Lanus', 'Roley', 1991);
--insert into ALUMNI_PROFILE (ID, TELEPHONE, ALTERNATIVE_TELEPHONE, MAXIMUM_EDUCATION, PESCAR_CENTER, COUNSELOR, GRADUATION_YEAR) values (91, 1561811795, 1567146709, 'Universidad', 'Cordoba', 'Mindy', 1995);
--insert into ALUMNI_PROFILE (ID, TELEPHONE, ALTERNATIVE_TELEPHONE, MAXIMUM_EDUCATION, PESCAR_CENTER, COUNSELOR, GRADUATION_YEAR) values (92, 1525637323, 1543863662, 'Maestria', 'Cordoba', 'Luke', 1997);
--insert into ALUMNI_PROFILE (ID, TELEPHONE, ALTERNATIVE_TELEPHONE, MAXIMUM_EDUCATION, PESCAR_CENTER, COUNSELOR, GRADUATION_YEAR) values (93, 1501322218, 1560420765, 'Secundaria', 'Lanus', 'Calla', 1990);
--insert into ALUMNI_PROFILE (ID, TELEPHONE, ALTERNATIVE_TELEPHONE, MAXIMUM_EDUCATION, PESCAR_CENTER, COUNSELOR, GRADUATION_YEAR) values (94, 1596209899, 1559851496, 'Universidad', 'San Juan', 'Mindy', 1991);
--insert into ALUMNI_PROFILE (ID, TELEPHONE, ALTERNATIVE_TELEPHONE, MAXIMUM_EDUCATION, PESCAR_CENTER, COUNSELOR, GRADUATION_YEAR) values (95, 1557643721, 1541413043, 'Secundaria', 'Cordoba', 'Luke', 1992);
--insert into ALUMNI_PROFILE (ID, TELEPHONE, ALTERNATIVE_TELEPHONE, MAXIMUM_EDUCATION, PESCAR_CENTER, COUNSELOR, GRADUATION_YEAR) values (96, 1549909425, 1586062950, 'Secundaria', 'San Juan', 'Ginnie', 2000);
--insert into ALUMNI_PROFILE (ID, TELEPHONE, ALTERNATIVE_TELEPHONE, MAXIMUM_EDUCATION, PESCAR_CENTER, COUNSELOR, GRADUATION_YEAR) values (97, 1504447710, 1502590359, 'Universidad', 'Capital', 'Roley', 2001);
--insert into ALUMNI_PROFILE (ID, TELEPHONE, ALTERNATIVE_TELEPHONE, MAXIMUM_EDUCATION, PESCAR_CENTER, COUNSELOR, GRADUATION_YEAR) values (98, 1528042101, 1567737196, 'Secundaria', 'San Juan', 'Mindy', 1993);
--insert into ALUMNI_PROFILE (ID, TELEPHONE, ALTERNATIVE_TELEPHONE, MAXIMUM_EDUCATION, PESCAR_CENTER, COUNSELOR, GRADUATION_YEAR) values (99, 1576008354, 1522207217, 'Secundaria', 'San Juan', 'Roley', 1990);
--insert into ALUMNI_PROFILE (ID, TELEPHONE, ALTERNATIVE_TELEPHONE, MAXIMUM_EDUCATION, PESCAR_CENTER, COUNSELOR, GRADUATION_YEAR) values (100, 1594303009, 1592441611, 'Universidad', 'Lanus', 'Ginnie', 1994);
--insert into ALUMNI_PROFILE (ID, TELEPHONE, ALTERNATIVE_TELEPHONE, MAXIMUM_EDUCATION, PESCAR_CENTER, COUNSELOR, GRADUATION_YEAR) values (101, 1508464918, 1589410140, 'Universidad', 'Capital', 'Roley', 1994);
--insert into ALUMNI_PROFILE (ID, TELEPHONE, ALTERNATIVE_TELEPHONE, MAXIMUM_EDUCATION, PESCAR_CENTER, COUNSELOR, GRADUATION_YEAR) values (102, 1528073908, 1531934433, 'Maestria', 'San Juan', 'Mindy', 1994);
--insert into ALUMNI_PROFILE (ID, TELEPHONE, ALTERNATIVE_TELEPHONE, MAXIMUM_EDUCATION, PESCAR_CENTER, COUNSELOR, GRADUATION_YEAR) values (103, 1541925993, 1512658318, 'Secundaria', 'Lanus', 'Calla', 1994);
--insert into ALUMNI_PROFILE (ID, TELEPHONE, ALTERNATIVE_TELEPHONE, MAXIMUM_EDUCATION, PESCAR_CENTER, COUNSELOR, GRADUATION_YEAR) values (104, 1563224173, 1518496308, 'Universidad', 'San Juan', 'Luke', 1996);
--insert into ALUMNI_PROFILE (ID, TELEPHONE, ALTERNATIVE_TELEPHONE, MAXIMUM_EDUCATION, PESCAR_CENTER, COUNSELOR, GRADUATION_YEAR) values (105, 1599177154, 1558257090, 'Universidad', 'Lanus', 'Mindy', 1994);
--insert into ALUMNI_PROFILE (ID, TELEPHONE, ALTERNATIVE_TELEPHONE, MAXIMUM_EDUCATION, PESCAR_CENTER, COUNSELOR, GRADUATION_YEAR) values (106, 1525776113, 1566311880, 'Universidad', 'Capital', 'Luke', 1999);
--insert into ALUMNI_PROFILE (ID, TELEPHONE, ALTERNATIVE_TELEPHONE, MAXIMUM_EDUCATION, PESCAR_CENTER, COUNSELOR, GRADUATION_YEAR) values (107, 1541423154, 1512321144, 'Universidad', 'Capital', 'Calla', 2000);
--insert into ALUMNI_PROFILE (ID, TELEPHONE, ALTERNATIVE_TELEPHONE, MAXIMUM_EDUCATION, PESCAR_CENTER, COUNSELOR, GRADUATION_YEAR) values (108, 1511965751, 1591392700, 'Maestria', 'San Juan', 'Mindy', 1999);
--insert into ALUMNI_PROFILE (ID, TELEPHONE, ALTERNATIVE_TELEPHONE, MAXIMUM_EDUCATION, PESCAR_CENTER, COUNSELOR, GRADUATION_YEAR) values (109, 1546330440, 1525237031, 'Maestria', 'San Juan', 'Mindy', 2001);
--insert into ALUMNI_PROFILE (ID, TELEPHONE, ALTERNATIVE_TELEPHONE, MAXIMUM_EDUCATION, PESCAR_CENTER, COUNSELOR, GRADUATION_YEAR) values (110, 1545729889, 1545719126, 'Secundaria', 'Cordoba', 'Berk', 1998);
--insert into ALUMNI_PROFILE (ID, TELEPHONE, ALTERNATIVE_TELEPHONE, MAXIMUM_EDUCATION, PESCAR_CENTER, COUNSELOR, GRADUATION_YEAR) values (111, 1523058598, 1509601888, 'Secundaria', 'San Juan', 'Luke', 1993);
--insert into ALUMNI_PROFILE (ID, TELEPHONE, ALTERNATIVE_TELEPHONE, MAXIMUM_EDUCATION, PESCAR_CENTER, COUNSELOR, GRADUATION_YEAR) values (112, 1513915872, 1576370003, 'Secundaria', 'Capital', 'Roley', 1994);
--insert into ALUMNI_PROFILE (ID, TELEPHONE, ALTERNATIVE_TELEPHONE, MAXIMUM_EDUCATION, PESCAR_CENTER, COUNSELOR, GRADUATION_YEAR) values (113, 1598140067, 1525073243, 'Secundaria', 'Lanus', 'Calla', 1994);
--insert into ALUMNI_PROFILE (ID, TELEPHONE, ALTERNATIVE_TELEPHONE, MAXIMUM_EDUCATION, PESCAR_CENTER, COUNSELOR, GRADUATION_YEAR) values (114, 1536988182, 1519445352, 'Maestria', 'San Juan', 'Berk', 1990);
--insert into ALUMNI_PROFILE (ID, TELEPHONE, ALTERNATIVE_TELEPHONE, MAXIMUM_EDUCATION, PESCAR_CENTER, COUNSELOR, GRADUATION_YEAR) values (115, 1566414062, 1588985944, 'Maestria', 'Lanus', 'Ginnie', 1992);
--insert into ALUMNI_PROFILE (ID, TELEPHONE, ALTERNATIVE_TELEPHONE, MAXIMUM_EDUCATION, PESCAR_CENTER, COUNSELOR, GRADUATION_YEAR) values (116, 1507519699, 1518134132, 'Maestria', 'San Juan', 'Ginnie', 1995);
--insert into ALUMNI_PROFILE (ID, TELEPHONE, ALTERNATIVE_TELEPHONE, MAXIMUM_EDUCATION, PESCAR_CENTER, COUNSELOR, GRADUATION_YEAR) values (117, 1509846069, 1513976286, 'Universidad', 'Capital', 'Roley', 1997);
--insert into ALUMNI_PROFILE (ID, TELEPHONE, ALTERNATIVE_TELEPHONE, MAXIMUM_EDUCATION, PESCAR_CENTER, COUNSELOR, GRADUATION_YEAR) values (118, 1579659405, 1546322873, 'Universidad', 'San Juan', 'Calla', 1998);
--insert into ALUMNI_PROFILE (ID, TELEPHONE, ALTERNATIVE_TELEPHONE, MAXIMUM_EDUCATION, PESCAR_CENTER, COUNSELOR, GRADUATION_YEAR) values (119, 1559748871, 1552134848, 'Secundaria', 'Capital', 'Roley', 1995);
--insert into ALUMNI_PROFILE (ID, TELEPHONE, ALTERNATIVE_TELEPHONE, MAXIMUM_EDUCATION, PESCAR_CENTER, COUNSELOR, GRADUATION_YEAR) values (120, 1512371299, 1507832062, 'Maestria', 'Capital', 'Mindy', 1995);
--insert into ALUMNI_PROFILE (ID, TELEPHONE, ALTERNATIVE_TELEPHONE, MAXIMUM_EDUCATION, PESCAR_CENTER, COUNSELOR, GRADUATION_YEAR) values (121, 1590536705, 1519991363, 'Maestria', 'Capital', 'Mindy', 2001);
--insert into ALUMNI_PROFILE (ID, TELEPHONE, ALTERNATIVE_TELEPHONE, MAXIMUM_EDUCATION, PESCAR_CENTER, COUNSELOR, GRADUATION_YEAR) values (122, 1588223486, 1549674437, 'Secundaria', 'Lanus', 'Ginnie', 1994);
--insert into ALUMNI_PROFILE (ID, TELEPHONE, ALTERNATIVE_TELEPHONE, MAXIMUM_EDUCATION, PESCAR_CENTER, COUNSELOR, GRADUATION_YEAR) values (123, 1581114922, 1536800659, 'Secundaria', 'Lanus', 'Luke', 2000);
--insert into ALUMNI_PROFILE (ID, TELEPHONE, ALTERNATIVE_TELEPHONE, MAXIMUM_EDUCATION, PESCAR_CENTER, COUNSELOR, GRADUATION_YEAR) values (124, 1542316421, 1575361197, 'Secundaria', 'Lanus', 'Mindy', 1990);
--insert into ALUMNI_PROFILE (ID, TELEPHONE, ALTERNATIVE_TELEPHONE, MAXIMUM_EDUCATION, PESCAR_CENTER, COUNSELOR, GRADUATION_YEAR) values (125, 1586341093, 1587744631, 'Maestria', 'Lanus', 'Luke', 1999);
--insert into ALUMNI_PROFILE (ID, TELEPHONE, ALTERNATIVE_TELEPHONE, MAXIMUM_EDUCATION, PESCAR_CENTER, COUNSELOR, GRADUATION_YEAR) values (126, 1576606479, 1562995792, 'Secundaria', 'Lanus', 'Ginnie', 1990);
--insert into ALUMNI_PROFILE (ID, TELEPHONE, ALTERNATIVE_TELEPHONE, MAXIMUM_EDUCATION, PESCAR_CENTER, COUNSELOR, GRADUATION_YEAR) values (127, 1574759407, 1578806478, 'Maestria', 'Cordoba', 'Berk', 2001);
--insert into ALUMNI_PROFILE (ID, TELEPHONE, ALTERNATIVE_TELEPHONE, MAXIMUM_EDUCATION, PESCAR_CENTER, COUNSELOR, GRADUATION_YEAR) values (128, 1503917994, 1583981471, 'Universidad', 'Cordoba', 'Mindy', 1993);
--insert into ALUMNI_PROFILE (ID, TELEPHONE, ALTERNATIVE_TELEPHONE, MAXIMUM_EDUCATION, PESCAR_CENTER, COUNSELOR, GRADUATION_YEAR) values (129, 1506962867, 1510054448, 'Universidad', 'Lanus', 'Mindy', 1991);
--insert into ALUMNI_PROFILE (ID, TELEPHONE, ALTERNATIVE_TELEPHONE, MAXIMUM_EDUCATION, PESCAR_CENTER, COUNSELOR, GRADUATION_YEAR) values (130, 1522160792, 1568908615, 'Universidad', 'Capital', 'Calla', 1997);
--insert into ALUMNI_PROFILE (ID, TELEPHONE, ALTERNATIVE_TELEPHONE, MAXIMUM_EDUCATION, PESCAR_CENTER, COUNSELOR, GRADUATION_YEAR) values (131, 1567114141, 1502491100, 'Secundaria', 'Capital', 'Ginnie', 1993);
--insert into ALUMNI_PROFILE (ID, TELEPHONE, ALTERNATIVE_TELEPHONE, MAXIMUM_EDUCATION, PESCAR_CENTER, COUNSELOR, GRADUATION_YEAR) values (132, 1597427008, 1509583431, 'Maestria', 'Capital', 'Roley', 1993);
--insert into ALUMNI_PROFILE (ID, TELEPHONE, ALTERNATIVE_TELEPHONE, MAXIMUM_EDUCATION, PESCAR_CENTER, COUNSELOR, GRADUATION_YEAR) values (133, 1591673750, 1552152496, 'Secundaria', 'San Juan', 'Luke', 1993);
--insert into ALUMNI_PROFILE (ID, TELEPHONE, ALTERNATIVE_TELEPHONE, MAXIMUM_EDUCATION, PESCAR_CENTER, COUNSELOR, GRADUATION_YEAR) values (134, 1503709849, 1547756487, 'Maestria', 'Cordoba', 'Luke', 1993);
--insert into ALUMNI_PROFILE (ID, TELEPHONE, ALTERNATIVE_TELEPHONE, MAXIMUM_EDUCATION, PESCAR_CENTER, COUNSELOR, GRADUATION_YEAR) values (135, 1500825001, 1550255069, 'Maestria', 'Capital', 'Mindy', 1990);
--insert into ALUMNI_PROFILE (ID, TELEPHONE, ALTERNATIVE_TELEPHONE, MAXIMUM_EDUCATION, PESCAR_CENTER, COUNSELOR, GRADUATION_YEAR) values (136, 1521383602, 1584616315, 'Universidad', 'San Juan', 'Ginnie', 1996);
--insert into ALUMNI_PROFILE (ID, TELEPHONE, ALTERNATIVE_TELEPHONE, MAXIMUM_EDUCATION, PESCAR_CENTER, COUNSELOR, GRADUATION_YEAR) values (137, 1572847984, 1580346028, 'Maestria', 'Capital', 'Mindy', 1999);
--insert into ALUMNI_PROFILE (ID, TELEPHONE, ALTERNATIVE_TELEPHONE, MAXIMUM_EDUCATION, PESCAR_CENTER, COUNSELOR, GRADUATION_YEAR) values (138, 1577123722, 1593166333, 'Maestria', 'Cordoba', 'Roley', 1999);
--insert into ALUMNI_PROFILE (ID, TELEPHONE, ALTERNATIVE_TELEPHONE, MAXIMUM_EDUCATION, PESCAR_CENTER, COUNSELOR, GRADUATION_YEAR) values (139, 1558385101, 1572910306, 'Universidad', 'San Juan', 'Mindy', 1990);
--insert into ALUMNI_PROFILE (ID, TELEPHONE, ALTERNATIVE_TELEPHONE, MAXIMUM_EDUCATION, PESCAR_CENTER, COUNSELOR, GRADUATION_YEAR) values (140, 1585276994, 1540805963, 'Maestria', 'San Juan', 'Roley', 1995);
--insert into ALUMNI_PROFILE (ID, TELEPHONE, ALTERNATIVE_TELEPHONE, MAXIMUM_EDUCATION, PESCAR_CENTER, COUNSELOR, GRADUATION_YEAR) values (141, 1542903135, 1513330027, 'Maestria', 'Cordoba', 'Roley', 1991);
--insert into ALUMNI_PROFILE (ID, TELEPHONE, ALTERNATIVE_TELEPHONE, MAXIMUM_EDUCATION, PESCAR_CENTER, COUNSELOR, GRADUATION_YEAR) values (142, 1575787793, 1510779967, 'Maestria', 'Lanus', 'Luke', 1993);
--insert into ALUMNI_PROFILE (ID, TELEPHONE, ALTERNATIVE_TELEPHONE, MAXIMUM_EDUCATION, PESCAR_CENTER, COUNSELOR, GRADUATION_YEAR) values (143, 1547153971, 1537117767, 'Universidad', 'San Juan', 'Roley', 1999);
--insert into ALUMNI_PROFILE (ID, TELEPHONE, ALTERNATIVE_TELEPHONE, MAXIMUM_EDUCATION, PESCAR_CENTER, COUNSELOR, GRADUATION_YEAR) values (144, 1524950430, 1549334126, 'Secundaria', 'Lanus', 'Ginnie', 1999);
--insert into ALUMNI_PROFILE (ID, TELEPHONE, ALTERNATIVE_TELEPHONE, MAXIMUM_EDUCATION, PESCAR_CENTER, COUNSELOR, GRADUATION_YEAR) values (145, 1588312813, 1553001750, 'Universidad', 'Lanus', 'Mindy', 1992);
--insert into ALUMNI_PROFILE (ID, TELEPHONE, ALTERNATIVE_TELEPHONE, MAXIMUM_EDUCATION, PESCAR_CENTER, COUNSELOR, GRADUATION_YEAR) values (146, 1581279219, 1552145522, 'Secundaria', 'Cordoba', 'Berk', 1991);
--insert into ALUMNI_PROFILE (ID, TELEPHONE, ALTERNATIVE_TELEPHONE, MAXIMUM_EDUCATION, PESCAR_CENTER, COUNSELOR, GRADUATION_YEAR) values (147, 1584565907, 1544438237, 'Universidad', 'Cordoba', 'Roley', 2001);
--insert into ALUMNI_PROFILE (ID, TELEPHONE, ALTERNATIVE_TELEPHONE, MAXIMUM_EDUCATION, PESCAR_CENTER, COUNSELOR, GRADUATION_YEAR) values (148, 1578163354, 1582629502, 'Secundaria', 'Cordoba', 'Berk', 1992);
--insert into ALUMNI_PROFILE (ID, TELEPHONE, ALTERNATIVE_TELEPHONE, MAXIMUM_EDUCATION, PESCAR_CENTER, COUNSELOR, GRADUATION_YEAR) values (149, 1515640985, 1517179705, 'Maestria', 'Cordoba', 'Ginnie', 2001);
--insert into ALUMNI_PROFILE (ID, TELEPHONE, ALTERNATIVE_TELEPHONE, MAXIMUM_EDUCATION, PESCAR_CENTER, COUNSELOR, GRADUATION_YEAR) values (150, 1593673698, 1551190637, 'Secundaria', 'Lanus', 'Calla', 1990);
--insert into ALUMNI_PROFILE (ID, TELEPHONE, ALTERNATIVE_TELEPHONE, MAXIMUM_EDUCATION, PESCAR_CENTER, COUNSELOR, GRADUATION_YEAR) values (151, 1587322931, 1592524950, 'Universidad', 'San Juan', 'Mindy', 1998);
--insert into ALUMNI_PROFILE (ID, TELEPHONE, ALTERNATIVE_TELEPHONE, MAXIMUM_EDUCATION, PESCAR_CENTER, COUNSELOR, GRADUATION_YEAR) values (152, 1532829388, 1569382518, 'Maestria', 'Cordoba', 'Ginnie', 1997);
--insert into ALUMNI_PROFILE (ID, TELEPHONE, ALTERNATIVE_TELEPHONE, MAXIMUM_EDUCATION, PESCAR_CENTER, COUNSELOR, GRADUATION_YEAR) values (153, 1581408055, 1562699742, 'Secundaria', 'Cordoba', 'Luke', 1997);
--insert into ALUMNI_PROFILE (ID, TELEPHONE, ALTERNATIVE_TELEPHONE, MAXIMUM_EDUCATION, PESCAR_CENTER, COUNSELOR, GRADUATION_YEAR) values (154, 1502580104, 1500888356, 'Secundaria', 'Cordoba', 'Berk', 2001);
--insert into ALUMNI_PROFILE (ID, TELEPHONE, ALTERNATIVE_TELEPHONE, MAXIMUM_EDUCATION, PESCAR_CENTER, COUNSELOR, GRADUATION_YEAR) values (155, 1575014104, 1520775158, 'Maestria', 'Lanus', 'Mindy', 1997);
--insert into ALUMNI_PROFILE (ID, TELEPHONE, ALTERNATIVE_TELEPHONE, MAXIMUM_EDUCATION, PESCAR_CENTER, COUNSELOR, GRADUATION_YEAR) values (156, 1564855703, 1528854004, 'Secundaria', 'Capital', 'Calla', 2000);
--insert into ALUMNI_PROFILE (ID, TELEPHONE, ALTERNATIVE_TELEPHONE, MAXIMUM_EDUCATION, PESCAR_CENTER, COUNSELOR, GRADUATION_YEAR) values (157, 1516408002, 1547817438, 'Secundaria', 'San Juan', 'Calla', 1999);
--insert into ALUMNI_PROFILE (ID, TELEPHONE, ALTERNATIVE_TELEPHONE, MAXIMUM_EDUCATION, PESCAR_CENTER, COUNSELOR, GRADUATION_YEAR) values (158, 1536397672, 1561276755, 'Maestria', 'Lanus', 'Calla', 1996);
--insert into ALUMNI_PROFILE (ID, TELEPHONE, ALTERNATIVE_TELEPHONE, MAXIMUM_EDUCATION, PESCAR_CENTER, COUNSELOR, GRADUATION_YEAR) values (159, 1530678389, 1556735765, 'Secundaria', 'Capital', 'Mindy', 2000);
--insert into ALUMNI_PROFILE (ID, TELEPHONE, ALTERNATIVE_TELEPHONE, MAXIMUM_EDUCATION, PESCAR_CENTER, COUNSELOR, GRADUATION_YEAR) values (160, 1520498615, 1599792409, 'Universidad', 'Lanus', 'Ginnie', 2001);
--insert into ALUMNI_PROFILE (ID, TELEPHONE, ALTERNATIVE_TELEPHONE, MAXIMUM_EDUCATION, PESCAR_CENTER, COUNSELOR, GRADUATION_YEAR) values (161, 1508747341, 1573344464, 'Secundaria', 'Capital', 'Calla', 1996);
--insert into ALUMNI_PROFILE (ID, TELEPHONE, ALTERNATIVE_TELEPHONE, MAXIMUM_EDUCATION, PESCAR_CENTER, COUNSELOR, GRADUATION_YEAR) values (162, 1503271160, 1567323145, 'Universidad', 'Capital', 'Berk', 2000);
--insert into ALUMNI_PROFILE (ID, TELEPHONE, ALTERNATIVE_TELEPHONE, MAXIMUM_EDUCATION, PESCAR_CENTER, COUNSELOR, GRADUATION_YEAR) values (163, 1593292066, 1573370692, 'Maestria', 'San Juan', 'Roley', 1997);
--insert into ALUMNI_PROFILE (ID, TELEPHONE, ALTERNATIVE_TELEPHONE, MAXIMUM_EDUCATION, PESCAR_CENTER, COUNSELOR, GRADUATION_YEAR) values (164, 1587204469, 1534466118, 'Maestria', 'Lanus', 'Ginnie', 1998);
--insert into ALUMNI_PROFILE (ID, TELEPHONE, ALTERNATIVE_TELEPHONE, MAXIMUM_EDUCATION, PESCAR_CENTER, COUNSELOR, GRADUATION_YEAR) values (165, 1533070701, 1560865013, 'Maestria', 'Cordoba', 'Calla', 1994);
--insert into ALUMNI_PROFILE (ID, TELEPHONE, ALTERNATIVE_TELEPHONE, MAXIMUM_EDUCATION, PESCAR_CENTER, COUNSELOR, GRADUATION_YEAR) values (166, 1530695468, 1596269964, 'Secundaria', 'San Juan', 'Calla', 1990);
--insert into ALUMNI_PROFILE (ID, TELEPHONE, ALTERNATIVE_TELEPHONE, MAXIMUM_EDUCATION, PESCAR_CENTER, COUNSELOR, GRADUATION_YEAR) values (167, 1588901440, 1595910142, 'Maestria', 'Lanus', 'Mindy', 1993);
--insert into ALUMNI_PROFILE (ID, TELEPHONE, ALTERNATIVE_TELEPHONE, MAXIMUM_EDUCATION, PESCAR_CENTER, COUNSELOR, GRADUATION_YEAR) values (168, 1585305472, 1535810656, 'Universidad', 'San Juan', 'Calla', 1991);
--insert into ALUMNI_PROFILE (ID, TELEPHONE, ALTERNATIVE_TELEPHONE, MAXIMUM_EDUCATION, PESCAR_CENTER, COUNSELOR, GRADUATION_YEAR) values (169, 1519097728, 1548883062, 'Universidad', 'San Juan', 'Calla', 1992);
--insert into ALUMNI_PROFILE (ID, TELEPHONE, ALTERNATIVE_TELEPHONE, MAXIMUM_EDUCATION, PESCAR_CENTER, COUNSELOR, GRADUATION_YEAR) values (170, 1538065136, 1588664510, 'Universidad', 'Cordoba', 'Berk', 1993);
--insert into ALUMNI_PROFILE (ID, TELEPHONE, ALTERNATIVE_TELEPHONE, MAXIMUM_EDUCATION, PESCAR_CENTER, COUNSELOR, GRADUATION_YEAR) values (171, 1593777322, 1528737944, 'Maestria', 'Cordoba', 'Mindy', 1991);
--insert into ALUMNI_PROFILE (ID, TELEPHONE, ALTERNATIVE_TELEPHONE, MAXIMUM_EDUCATION, PESCAR_CENTER, COUNSELOR, GRADUATION_YEAR) values (172, 1595287472, 1525350924, 'Maestria', 'San Juan', 'Luke', 2001);
--insert into ALUMNI_PROFILE (ID, TELEPHONE, ALTERNATIVE_TELEPHONE, MAXIMUM_EDUCATION, PESCAR_CENTER, COUNSELOR, GRADUATION_YEAR) values (173, 1548002725, 1547719530, 'Secundaria', 'Lanus', 'Ginnie', 1998);
--insert into ALUMNI_PROFILE (ID, TELEPHONE, ALTERNATIVE_TELEPHONE, MAXIMUM_EDUCATION, PESCAR_CENTER, COUNSELOR, GRADUATION_YEAR) values (174, 1522385594, 1549318657, 'Maestria', 'Cordoba', 'Berk', 1993);
--insert into ALUMNI_PROFILE (ID, TELEPHONE, ALTERNATIVE_TELEPHONE, MAXIMUM_EDUCATION, PESCAR_CENTER, COUNSELOR, GRADUATION_YEAR) values (175, 1532569893, 1550436871, 'Universidad', 'Capital', 'Luke', 1993);
--insert into ALUMNI_PROFILE (ID, TELEPHONE, ALTERNATIVE_TELEPHONE, MAXIMUM_EDUCATION, PESCAR_CENTER, COUNSELOR, GRADUATION_YEAR) values (176, 1587336894, 1542315365, 'Secundaria', 'Cordoba', 'Ginnie', 2001);
--insert into ALUMNI_PROFILE (ID, TELEPHONE, ALTERNATIVE_TELEPHONE, MAXIMUM_EDUCATION, PESCAR_CENTER, COUNSELOR, GRADUATION_YEAR) values (177, 1551748074, 1548985184, 'Maestria', 'Cordoba', 'Roley', 1997);
--insert into ALUMNI_PROFILE (ID, TELEPHONE, ALTERNATIVE_TELEPHONE, MAXIMUM_EDUCATION, PESCAR_CENTER, COUNSELOR, GRADUATION_YEAR) values (178, 1584909909, 1535649946, 'Maestria', 'Capital', 'Mindy', 1995);
--insert into ALUMNI_PROFILE (ID, TELEPHONE, ALTERNATIVE_TELEPHONE, MAXIMUM_EDUCATION, PESCAR_CENTER, COUNSELOR, GRADUATION_YEAR) values (179, 1512767044, 1554177512, 'Universidad', 'Capital', 'Luke', 1998);
--insert into ALUMNI_PROFILE (ID, TELEPHONE, ALTERNATIVE_TELEPHONE, MAXIMUM_EDUCATION, PESCAR_CENTER, COUNSELOR, GRADUATION_YEAR) values (180, 1517353837, 1518758735, 'Universidad', 'Lanus', 'Ginnie', 1992);
--insert into ALUMNI_PROFILE (ID, TELEPHONE, ALTERNATIVE_TELEPHONE, MAXIMUM_EDUCATION, PESCAR_CENTER, COUNSELOR, GRADUATION_YEAR) values (181, 1592734939, 1515070943, 'Universidad', 'Capital', 'Ginnie', 2001);
--insert into ALUMNI_PROFILE (ID, TELEPHONE, ALTERNATIVE_TELEPHONE, MAXIMUM_EDUCATION, PESCAR_CENTER, COUNSELOR, GRADUATION_YEAR) values (182, 1527443973, 1582093177, 'Maestria', 'San Juan', 'Mindy', 1992);
--insert into ALUMNI_PROFILE (ID, TELEPHONE, ALTERNATIVE_TELEPHONE, MAXIMUM_EDUCATION, PESCAR_CENTER, COUNSELOR, GRADUATION_YEAR) values (183, 1500734100, 1567340916, 'Universidad', 'Lanus', 'Roley', 1990);
--insert into ALUMNI_PROFILE (ID, TELEPHONE, ALTERNATIVE_TELEPHONE, MAXIMUM_EDUCATION, PESCAR_CENTER, COUNSELOR, GRADUATION_YEAR) values (184, 1560791797, 1505808804, 'Maestria', 'San Juan', 'Roley', 1996);
--insert into ALUMNI_PROFILE (ID, TELEPHONE, ALTERNATIVE_TELEPHONE, MAXIMUM_EDUCATION, PESCAR_CENTER, COUNSELOR, GRADUATION_YEAR) values (185, 1529688379, 1521215789, 'Maestria', 'Cordoba', 'Luke', 1994);
--insert into ALUMNI_PROFILE (ID, TELEPHONE, ALTERNATIVE_TELEPHONE, MAXIMUM_EDUCATION, PESCAR_CENTER, COUNSELOR, GRADUATION_YEAR) values (186, 1578844832, 1583798763, 'Secundaria', 'San Juan', 'Ginnie', 1991);
--insert into ALUMNI_PROFILE (ID, TELEPHONE, ALTERNATIVE_TELEPHONE, MAXIMUM_EDUCATION, PESCAR_CENTER, COUNSELOR, GRADUATION_YEAR) values (187, 1573452712, 1519055417, 'Universidad', 'San Juan', 'Luke', 1994);
--insert into ALUMNI_PROFILE (ID, TELEPHONE, ALTERNATIVE_TELEPHONE, MAXIMUM_EDUCATION, PESCAR_CENTER, COUNSELOR, GRADUATION_YEAR) values (188, 1594304627, 1564355881, 'Maestria', 'San Juan', 'Calla', 1990);
--insert into ALUMNI_PROFILE (ID, TELEPHONE, ALTERNATIVE_TELEPHONE, MAXIMUM_EDUCATION, PESCAR_CENTER, COUNSELOR, GRADUATION_YEAR) values (189, 1573636980, 1521676882, 'Maestria', 'Cordoba', 'Luke', 1990);
--insert into ALUMNI_PROFILE (ID, TELEPHONE, ALTERNATIVE_TELEPHONE, MAXIMUM_EDUCATION, PESCAR_CENTER, COUNSELOR, GRADUATION_YEAR) values (190, 1542721730, 1519541128, 'Universidad', 'San Juan', 'Berk', 1996);
--insert into ALUMNI_PROFILE (ID, TELEPHONE, ALTERNATIVE_TELEPHONE, MAXIMUM_EDUCATION, PESCAR_CENTER, COUNSELOR, GRADUATION_YEAR) values (191, 1577565631, 1530897333, 'Maestria', 'Cordoba', 'Berk', 1993);
--insert into ALUMNI_PROFILE (ID, TELEPHONE, ALTERNATIVE_TELEPHONE, MAXIMUM_EDUCATION, PESCAR_CENTER, COUNSELOR, GRADUATION_YEAR) values (192, 1538763764, 1515256441, 'Secundaria', 'Cordoba', 'Roley', 1990);
--insert into ALUMNI_PROFILE (ID, TELEPHONE, ALTERNATIVE_TELEPHONE, MAXIMUM_EDUCATION, PESCAR_CENTER, COUNSELOR, GRADUATION_YEAR) values (193, 1532599004, 1523576506, 'Maestria', 'Cordoba', 'Calla', 1995);
--insert into ALUMNI_PROFILE (ID, TELEPHONE, ALTERNATIVE_TELEPHONE, MAXIMUM_EDUCATION, PESCAR_CENTER, COUNSELOR, GRADUATION_YEAR) values (194, 1585256934, 1582993766, 'Secundaria', 'Capital', 'Berk', 1995);
--insert into ALUMNI_PROFILE (ID, TELEPHONE, ALTERNATIVE_TELEPHONE, MAXIMUM_EDUCATION, PESCAR_CENTER, COUNSELOR, GRADUATION_YEAR) values (195, 1528162373, 1507416388, 'Maestria', 'Capital', 'Berk', 2000);
--insert into ALUMNI_PROFILE (ID, TELEPHONE, ALTERNATIVE_TELEPHONE, MAXIMUM_EDUCATION, PESCAR_CENTER, COUNSELOR, GRADUATION_YEAR) values (196, 1573023646, 1552962050, 'Secundaria', 'San Juan', 'Roley', 1995);
--insert into ALUMNI_PROFILE (ID, TELEPHONE, ALTERNATIVE_TELEPHONE, MAXIMUM_EDUCATION, PESCAR_CENTER, COUNSELOR, GRADUATION_YEAR) values (197, 1569934955, 1567109102, 'Secundaria', 'Cordoba', 'Roley', 1997);
--insert into ALUMNI_PROFILE (ID, TELEPHONE, ALTERNATIVE_TELEPHONE, MAXIMUM_EDUCATION, PESCAR_CENTER, COUNSELOR, GRADUATION_YEAR) values (198, 1580882013, 1541043255, 'Secundaria', 'Cordoba', 'Ginnie', 1992);
--insert into ALUMNI_PROFILE (ID, TELEPHONE, ALTERNATIVE_TELEPHONE, MAXIMUM_EDUCATION, PESCAR_CENTER, COUNSELOR, GRADUATION_YEAR) values (199, 1574118312, 1524236373, 'Universidad', 'San Juan', 'Luke', 1998);
--insert into ALUMNI_PROFILE (ID, TELEPHONE, ALTERNATIVE_TELEPHONE, MAXIMUM_EDUCATION, PESCAR_CENTER, COUNSELOR, GRADUATION_YEAR) values (200, 1543677695, 1538850272, 'Universidad', 'Capital', 'Calla', 1998);
--insert into ALUMNI_PROFILE (ID, TELEPHONE, ALTERNATIVE_TELEPHONE, MAXIMUM_EDUCATION, PESCAR_CENTER, COUNSELOR, GRADUATION_YEAR) values (201, 1572592653, 1524612755, 'Maestria', 'San Juan', 'Roley', 1990);
--insert into ALUMNI_PROFILE (ID, TELEPHONE, ALTERNATIVE_TELEPHONE, MAXIMUM_EDUCATION, PESCAR_CENTER, COUNSELOR, GRADUATION_YEAR) values (202, 1558396287, 1539613363, 'Maestria', 'Lanus', 'Mindy', 1991);
--insert into ALUMNI_PROFILE (ID, TELEPHONE, ALTERNATIVE_TELEPHONE, MAXIMUM_EDUCATION, PESCAR_CENTER, COUNSELOR, GRADUATION_YEAR) values (203, 1557950107, 1525575611, 'Secundaria', 'Capital', 'Berk', 1997);
--insert into ALUMNI_PROFILE (ID, TELEPHONE, ALTERNATIVE_TELEPHONE, MAXIMUM_EDUCATION, PESCAR_CENTER, COUNSELOR, GRADUATION_YEAR) values (204, 1595686792, 1529908821, 'Universidad', 'Lanus', 'Mindy', 1992);
--insert into ALUMNI_PROFILE (ID, TELEPHONE, ALTERNATIVE_TELEPHONE, MAXIMUM_EDUCATION, PESCAR_CENTER, COUNSELOR, GRADUATION_YEAR) values (205, 1536938996, 1517207446, 'Secundaria', 'San Juan', 'Roley', 1998);
--insert into ALUMNI_PROFILE (ID, TELEPHONE, ALTERNATIVE_TELEPHONE, MAXIMUM_EDUCATION, PESCAR_CENTER, COUNSELOR, GRADUATION_YEAR) values (206, 1540087374, 1557283491, 'Maestria', 'San Juan', 'Berk', 1990);
--insert into ALUMNI_PROFILE (ID, TELEPHONE, ALTERNATIVE_TELEPHONE, MAXIMUM_EDUCATION, PESCAR_CENTER, COUNSELOR, GRADUATION_YEAR) values (207, 1556686255, 1574648028, 'Universidad', 'Cordoba', 'Luke', 1998);
--insert into ALUMNI_PROFILE (ID, TELEPHONE, ALTERNATIVE_TELEPHONE, MAXIMUM_EDUCATION, PESCAR_CENTER, COUNSELOR, GRADUATION_YEAR) values (208, 1564237879, 1522865059, 'Universidad', 'Cordoba', 'Roley', 2000);
--insert into ALUMNI_PROFILE (ID, TELEPHONE, ALTERNATIVE_TELEPHONE, MAXIMUM_EDUCATION, PESCAR_CENTER, COUNSELOR, GRADUATION_YEAR) values (209, 1525056789, 1569460856, 'Universidad', 'Capital', 'Calla', 1999);
--insert into ALUMNI_PROFILE (ID, TELEPHONE, ALTERNATIVE_TELEPHONE, MAXIMUM_EDUCATION, PESCAR_CENTER, COUNSELOR, GRADUATION_YEAR) values (210, 1549937031, 1517496420, 'Maestria', 'Cordoba', 'Roley', 1999);
--insert into ALUMNI_PROFILE (ID, TELEPHONE, ALTERNATIVE_TELEPHONE, MAXIMUM_EDUCATION, PESCAR_CENTER, COUNSELOR, GRADUATION_YEAR) values (211, 1504077424, 1521663019, 'Universidad', 'Capital', 'Berk', 2001);
--insert into ALUMNI_PROFILE (ID, TELEPHONE, ALTERNATIVE_TELEPHONE, MAXIMUM_EDUCATION, PESCAR_CENTER, COUNSELOR, GRADUATION_YEAR) values (212, 1581814246, 1598430960, 'Maestria', 'Cordoba', 'Roley', 1994);
--insert into ALUMNI_PROFILE (ID, TELEPHONE, ALTERNATIVE_TELEPHONE, MAXIMUM_EDUCATION, PESCAR_CENTER, COUNSELOR, GRADUATION_YEAR) values (213, 1525976055, 1512753222, 'Maestria', 'Lanus', 'Calla', 2001);
--insert into ALUMNI_PROFILE (ID, TELEPHONE, ALTERNATIVE_TELEPHONE, MAXIMUM_EDUCATION, PESCAR_CENTER, COUNSELOR, GRADUATION_YEAR) values (214, 1503973418, 1565438049, 'Universidad', 'Capital', 'Roley', 1999);
--insert into ALUMNI_PROFILE (ID, TELEPHONE, ALTERNATIVE_TELEPHONE, MAXIMUM_EDUCATION, PESCAR_CENTER, COUNSELOR, GRADUATION_YEAR) values (215, 1534096631, 1521754888, 'Maestria', 'Lanus', 'Roley', 1991);
--insert into ALUMNI_PROFILE (ID, TELEPHONE, ALTERNATIVE_TELEPHONE, MAXIMUM_EDUCATION, PESCAR_CENTER, COUNSELOR, GRADUATION_YEAR) values (216, 1514151179, 1537364061, 'Maestria', 'Lanus', 'Ginnie', 1999);
--insert into ALUMNI_PROFILE (ID, TELEPHONE, ALTERNATIVE_TELEPHONE, MAXIMUM_EDUCATION, PESCAR_CENTER, COUNSELOR, GRADUATION_YEAR) values (217, 1590720954, 1544424385, 'Universidad', 'Capital', 'Calla', 1994);
--insert into ALUMNI_PROFILE (ID, TELEPHONE, ALTERNATIVE_TELEPHONE, MAXIMUM_EDUCATION, PESCAR_CENTER, COUNSELOR, GRADUATION_YEAR) values (218, 1595218075, 1597047898, 'Maestria', 'San Juan', 'Ginnie', 1999);
--insert into ALUMNI_PROFILE (ID, TELEPHONE, ALTERNATIVE_TELEPHONE, MAXIMUM_EDUCATION, PESCAR_CENTER, COUNSELOR, GRADUATION_YEAR) values (219, 1512760066, 1540125840, 'Secundaria', 'Capital', 'Roley', 1990);
--insert into ALUMNI_PROFILE (ID, TELEPHONE, ALTERNATIVE_TELEPHONE, MAXIMUM_EDUCATION, PESCAR_CENTER, COUNSELOR, GRADUATION_YEAR) values (220, 1501340938, 1506767313, 'Universidad', 'Cordoba', 'Calla', 1999);
--insert into ALUMNI_PROFILE (ID, TELEPHONE, ALTERNATIVE_TELEPHONE, MAXIMUM_EDUCATION, PESCAR_CENTER, COUNSELOR, GRADUATION_YEAR) values (221, 1506382634, 1520440538, 'Secundaria', 'Lanus', 'Ginnie', 1996);
--insert into ALUMNI_PROFILE (ID, TELEPHONE, ALTERNATIVE_TELEPHONE, MAXIMUM_EDUCATION, PESCAR_CENTER, COUNSELOR, GRADUATION_YEAR) values (222, 1574592666, 1597834192, 'Secundaria', 'San Juan', 'Roley', 1997);
--insert into ALUMNI_PROFILE (ID, TELEPHONE, ALTERNATIVE_TELEPHONE, MAXIMUM_EDUCATION, PESCAR_CENTER, COUNSELOR, GRADUATION_YEAR) values (223, 1524980042, 1580034023, 'Universidad', 'San Juan', 'Mindy', 1991);
--insert into ALUMNI_PROFILE (ID, TELEPHONE, ALTERNATIVE_TELEPHONE, MAXIMUM_EDUCATION, PESCAR_CENTER, COUNSELOR, GRADUATION_YEAR) values (224, 1500980900, 1560254862, 'Universidad', 'Cordoba', 'Roley', 1991);
--insert into ALUMNI_PROFILE (ID, TELEPHONE, ALTERNATIVE_TELEPHONE, MAXIMUM_EDUCATION, PESCAR_CENTER, COUNSELOR, GRADUATION_YEAR) values (225, 1529304341, 1526675251, 'Secundaria', 'Capital', 'Luke', 1992);
--insert into ALUMNI_PROFILE (ID, TELEPHONE, ALTERNATIVE_TELEPHONE, MAXIMUM_EDUCATION, PESCAR_CENTER, COUNSELOR, GRADUATION_YEAR) values (226, 1501758161, 1534151195, 'Universidad', 'Cordoba', 'Luke', 1993);
--insert into ALUMNI_PROFILE (ID, TELEPHONE, ALTERNATIVE_TELEPHONE, MAXIMUM_EDUCATION, PESCAR_CENTER, COUNSELOR, GRADUATION_YEAR) values (227, 1596747786, 1509922148, 'Maestria', 'San Juan', 'Roley', 1998);
--insert into ALUMNI_PROFILE (ID, TELEPHONE, ALTERNATIVE_TELEPHONE, MAXIMUM_EDUCATION, PESCAR_CENTER, COUNSELOR, GRADUATION_YEAR) values (228, 1512735827, 1544288601, 'Secundaria', 'Lanus', 'Calla', 1999);
--insert into ALUMNI_PROFILE (ID, TELEPHONE, ALTERNATIVE_TELEPHONE, MAXIMUM_EDUCATION, PESCAR_CENTER, COUNSELOR, GRADUATION_YEAR) values (229, 1529427976, 1545332523, 'Universidad', 'Cordoba', 'Roley', 1990);
--insert into ALUMNI_PROFILE (ID, TELEPHONE, ALTERNATIVE_TELEPHONE, MAXIMUM_EDUCATION, PESCAR_CENTER, COUNSELOR, GRADUATION_YEAR) values (230, 1543560434, 1545868749, 'Universidad', 'Lanus', 'Ginnie', 1991);
--insert into ALUMNI_PROFILE (ID, TELEPHONE, ALTERNATIVE_TELEPHONE, MAXIMUM_EDUCATION, PESCAR_CENTER, COUNSELOR, GRADUATION_YEAR) values (231, 1594008969, 1588880700, 'Universidad', 'San Juan', 'Calla', 1992);
--insert into ALUMNI_PROFILE (ID, TELEPHONE, ALTERNATIVE_TELEPHONE, MAXIMUM_EDUCATION, PESCAR_CENTER, COUNSELOR, GRADUATION_YEAR) values (232, 1594616335, 1520864103, 'Universidad', 'Lanus', 'Roley', 1997);
--insert into ALUMNI_PROFILE (ID, TELEPHONE, ALTERNATIVE_TELEPHONE, MAXIMUM_EDUCATION, PESCAR_CENTER, COUNSELOR, GRADUATION_YEAR) values (233, 1545287079, 1537763906, 'Maestria', 'San Juan', 'Roley', 1998);
--insert into ALUMNI_PROFILE (ID, TELEPHONE, ALTERNATIVE_TELEPHONE, MAXIMUM_EDUCATION, PESCAR_CENTER, COUNSELOR, GRADUATION_YEAR) values (234, 1572733561, 1578715484, 'Maestria', 'Capital', 'Calla', 2001);
--insert into ALUMNI_PROFILE (ID, TELEPHONE, ALTERNATIVE_TELEPHONE, MAXIMUM_EDUCATION, PESCAR_CENTER, COUNSELOR, GRADUATION_YEAR) values (235, 1522355147, 1525855299, 'Universidad', 'Lanus', 'Berk', 1994);
--insert into ALUMNI_PROFILE (ID, TELEPHONE, ALTERNATIVE_TELEPHONE, MAXIMUM_EDUCATION, PESCAR_CENTER, COUNSELOR, GRADUATION_YEAR) values (236, 1509425141, 1563290423, 'Universidad', 'Cordoba', 'Mindy', 1990);
--insert into ALUMNI_PROFILE (ID, TELEPHONE, ALTERNATIVE_TELEPHONE, MAXIMUM_EDUCATION, PESCAR_CENTER, COUNSELOR, GRADUATION_YEAR) values (237, 1502652361, 1526261506, 'Secundaria', 'Lanus', 'Calla', 1997);
--insert into ALUMNI_PROFILE (ID, TELEPHONE, ALTERNATIVE_TELEPHONE, MAXIMUM_EDUCATION, PESCAR_CENTER, COUNSELOR, GRADUATION_YEAR) values (238, 1585191151, 1554495318, 'Universidad', 'Capital', 'Calla', 1999);
--insert into ALUMNI_PROFILE (ID, TELEPHONE, ALTERNATIVE_TELEPHONE, MAXIMUM_EDUCATION, PESCAR_CENTER, COUNSELOR, GRADUATION_YEAR) values (239, 1586929004, 1501248664, 'Maestria', 'Lanus', 'Berk', 1996);
--insert into ALUMNI_PROFILE (ID, TELEPHONE, ALTERNATIVE_TELEPHONE, MAXIMUM_EDUCATION, PESCAR_CENTER, COUNSELOR, GRADUATION_YEAR) values (240, 1597399349, 1566373821, 'Secundaria', 'San Juan', 'Mindy', 2001);
--insert into ALUMNI_PROFILE (ID, TELEPHONE, ALTERNATIVE_TELEPHONE, MAXIMUM_EDUCATION, PESCAR_CENTER, COUNSELOR, GRADUATION_YEAR) values (241, 1585439561, 1505913746, 'Universidad', 'Capital', 'Mindy', 1999);
--insert into ALUMNI_PROFILE (ID, TELEPHONE, ALTERNATIVE_TELEPHONE, MAXIMUM_EDUCATION, PESCAR_CENTER, COUNSELOR, GRADUATION_YEAR) values (242, 1561527707, 1520811592, 'Universidad', 'Capital', 'Luke', 1999);
--insert into ALUMNI_PROFILE (ID, TELEPHONE, ALTERNATIVE_TELEPHONE, MAXIMUM_EDUCATION, PESCAR_CENTER, COUNSELOR, GRADUATION_YEAR) values (243, 1571337941, 1571880502, 'Maestria', 'Capital', 'Luke', 2001);
--insert into ALUMNI_PROFILE (ID, TELEPHONE, ALTERNATIVE_TELEPHONE, MAXIMUM_EDUCATION, PESCAR_CENTER, COUNSELOR, GRADUATION_YEAR) values (244, 1596741495, 1583906133, 'Universidad', 'Cordoba', 'Berk', 1990);
--insert into ALUMNI_PROFILE (ID, TELEPHONE, ALTERNATIVE_TELEPHONE, MAXIMUM_EDUCATION, PESCAR_CENTER, COUNSELOR, GRADUATION_YEAR) values (245, 1547393818, 1538000762, 'Maestria', 'San Juan', 'Calla', 1999);
--insert into ALUMNI_PROFILE (ID, TELEPHONE, ALTERNATIVE_TELEPHONE, MAXIMUM_EDUCATION, PESCAR_CENTER, COUNSELOR, GRADUATION_YEAR) values (246, 1567618119, 1538449078, 'Secundaria', 'Capital', 'Mindy', 2001);
--insert into ALUMNI_PROFILE (ID, TELEPHONE, ALTERNATIVE_TELEPHONE, MAXIMUM_EDUCATION, PESCAR_CENTER, COUNSELOR, GRADUATION_YEAR) values (247, 1590970187, 1596473402, 'Maestria', 'Capital', 'Ginnie', 1999);
--insert into ALUMNI_PROFILE (ID, TELEPHONE, ALTERNATIVE_TELEPHONE, MAXIMUM_EDUCATION, PESCAR_CENTER, COUNSELOR, GRADUATION_YEAR) values (248, 1523377585, 1540161784, 'Maestria', 'Lanus', 'Luke', 1999);
--insert into ALUMNI_PROFILE (ID, TELEPHONE, ALTERNATIVE_TELEPHONE, MAXIMUM_EDUCATION, PESCAR_CENTER, COUNSELOR, GRADUATION_YEAR) values (249, 1556651663, 1570747490, 'Secundaria', 'Cordoba', 'Berk', 1994);
--insert into ALUMNI_PROFILE (ID, TELEPHONE, ALTERNATIVE_TELEPHONE, MAXIMUM_EDUCATION, PESCAR_CENTER, COUNSELOR, GRADUATION_YEAR) values (250, 1588731800, 1539381707, 'Secundaria', 'San Juan', 'Mindy', 1990);
--insert into ALUMNI_PROFILE (ID, TELEPHONE, ALTERNATIVE_TELEPHONE, MAXIMUM_EDUCATION, PESCAR_CENTER, COUNSELOR, GRADUATION_YEAR) values (251, 1553751109, 1528165971, 'Secundaria', 'San Juan', 'Luke', 1994);
--insert into ALUMNI_PROFILE (ID, TELEPHONE, ALTERNATIVE_TELEPHONE, MAXIMUM_EDUCATION, PESCAR_CENTER, COUNSELOR, GRADUATION_YEAR) values (252, 1546440979, 1548424980, 'Secundaria', 'San Juan', 'Berk', 1999);
--insert into ALUMNI_PROFILE (ID, TELEPHONE, ALTERNATIVE_TELEPHONE, MAXIMUM_EDUCATION, PESCAR_CENTER, COUNSELOR, GRADUATION_YEAR) values (253, 1555104607, 1589708363, 'Maestria', 'Capital', 'Roley', 1993);
--insert into ALUMNI_PROFILE (ID, TELEPHONE, ALTERNATIVE_TELEPHONE, MAXIMUM_EDUCATION, PESCAR_CENTER, COUNSELOR, GRADUATION_YEAR) values (254, 1535581622, 1522428095, 'Secundaria', 'San Juan', 'Berk', 1993);
--insert into ALUMNI_PROFILE (ID, TELEPHONE, ALTERNATIVE_TELEPHONE, MAXIMUM_EDUCATION, PESCAR_CENTER, COUNSELOR, GRADUATION_YEAR) values (255, 1586653321, 1591242408, 'Universidad', 'San Juan', 'Mindy', 1993);
--insert into ALUMNI_PROFILE (ID, TELEPHONE, ALTERNATIVE_TELEPHONE, MAXIMUM_EDUCATION, PESCAR_CENTER, COUNSELOR, GRADUATION_YEAR) values (256, 1567754449, 1527969447, 'Maestria', 'Cordoba', 'Roley', 1997);
--insert into ALUMNI_PROFILE (ID, TELEPHONE, ALTERNATIVE_TELEPHONE, MAXIMUM_EDUCATION, PESCAR_CENTER, COUNSELOR, GRADUATION_YEAR) values (257, 1560908520, 1596513685, 'Universidad', 'Cordoba', 'Calla', 1999);
--insert into ALUMNI_PROFILE (ID, TELEPHONE, ALTERNATIVE_TELEPHONE, MAXIMUM_EDUCATION, PESCAR_CENTER, COUNSELOR, GRADUATION_YEAR) values (258, 1566767070, 1542941277, 'Maestria', 'Cordoba', 'Mindy', 1991);
--insert into ALUMNI_PROFILE (ID, TELEPHONE, ALTERNATIVE_TELEPHONE, MAXIMUM_EDUCATION, PESCAR_CENTER, COUNSELOR, GRADUATION_YEAR) values (259, 1573484443, 1562367274, 'Maestria', 'San Juan', 'Luke', 1994);
--insert into ALUMNI_PROFILE (ID, TELEPHONE, ALTERNATIVE_TELEPHONE, MAXIMUM_EDUCATION, PESCAR_CENTER, COUNSELOR, GRADUATION_YEAR) values (260, 1520737947, 1535008851, 'Universidad', 'Cordoba', 'Mindy', 1997);
--insert into ALUMNI_PROFILE (ID, TELEPHONE, ALTERNATIVE_TELEPHONE, MAXIMUM_EDUCATION, PESCAR_CENTER, COUNSELOR, GRADUATION_YEAR) values (261, 1554673261, 1508569158, 'Maestria', 'Cordoba', 'Berk', 1995);
--insert into ALUMNI_PROFILE (ID, TELEPHONE, ALTERNATIVE_TELEPHONE, MAXIMUM_EDUCATION, PESCAR_CENTER, COUNSELOR, GRADUATION_YEAR) values (262, 1581862828, 1584758104, 'Maestria', 'Lanus', 'Luke', 1993);
--insert into ALUMNI_PROFILE (ID, TELEPHONE, ALTERNATIVE_TELEPHONE, MAXIMUM_EDUCATION, PESCAR_CENTER, COUNSELOR, GRADUATION_YEAR) values (263, 1539974610, 1533933999, 'Universidad', 'Capital', 'Roley', 1992);
--insert into ALUMNI_PROFILE (ID, TELEPHONE, ALTERNATIVE_TELEPHONE, MAXIMUM_EDUCATION, PESCAR_CENTER, COUNSELOR, GRADUATION_YEAR) values (264, 1523630867, 1520780876, 'Universidad', 'Capital', 'Roley', 2001);
--insert into ALUMNI_PROFILE (ID, TELEPHONE, ALTERNATIVE_TELEPHONE, MAXIMUM_EDUCATION, PESCAR_CENTER, COUNSELOR, GRADUATION_YEAR) values (265, 1550608572, 1579736387, 'Universidad', 'Capital', 'Ginnie', 2000);
--insert into ALUMNI_PROFILE (ID, TELEPHONE, ALTERNATIVE_TELEPHONE, MAXIMUM_EDUCATION, PESCAR_CENTER, COUNSELOR, GRADUATION_YEAR) values (266, 1579995227, 1518127081, 'Secundaria', 'Cordoba', 'Mindy', 1994);
--insert into ALUMNI_PROFILE (ID, TELEPHONE, ALTERNATIVE_TELEPHONE, MAXIMUM_EDUCATION, PESCAR_CENTER, COUNSELOR, GRADUATION_YEAR) values (267, 1508915878, 1540863157, 'Universidad', 'San Juan', 'Berk', 1996);
--insert into ALUMNI_PROFILE (ID, TELEPHONE, ALTERNATIVE_TELEPHONE, MAXIMUM_EDUCATION, PESCAR_CENTER, COUNSELOR, GRADUATION_YEAR) values (268, 1542211590, 1523662421, 'Secundaria', 'San Juan', 'Roley', 1998);
--insert into ALUMNI_PROFILE (ID, TELEPHONE, ALTERNATIVE_TELEPHONE, MAXIMUM_EDUCATION, PESCAR_CENTER, COUNSELOR, GRADUATION_YEAR) values (269, 1519425521, 1545929631, 'Secundaria', 'Cordoba', 'Berk', 1994);
--insert into ALUMNI_PROFILE (ID, TELEPHONE, ALTERNATIVE_TELEPHONE, MAXIMUM_EDUCATION, PESCAR_CENTER, COUNSELOR, GRADUATION_YEAR) values (270, 1591457935, 1537966400, 'Secundaria', 'Capital', 'Roley', 2001);
--insert into ALUMNI_PROFILE (ID, TELEPHONE, ALTERNATIVE_TELEPHONE, MAXIMUM_EDUCATION, PESCAR_CENTER, COUNSELOR, GRADUATION_YEAR) values (271, 1577614925, 1557405052, 'Universidad', 'Cordoba', 'Berk', 2000);
--insert into ALUMNI_PROFILE (ID, TELEPHONE, ALTERNATIVE_TELEPHONE, MAXIMUM_EDUCATION, PESCAR_CENTER, COUNSELOR, GRADUATION_YEAR) values (272, 1550831840, 1547951709, 'Secundaria', 'Capital', 'Luke', 1993);
--insert into ALUMNI_PROFILE (ID, TELEPHONE, ALTERNATIVE_TELEPHONE, MAXIMUM_EDUCATION, PESCAR_CENTER, COUNSELOR, GRADUATION_YEAR) values (273, 1504263451, 1584246857, 'Universidad', 'Cordoba', 'Calla', 1996);
--insert into ALUMNI_PROFILE (ID, TELEPHONE, ALTERNATIVE_TELEPHONE, MAXIMUM_EDUCATION, PESCAR_CENTER, COUNSELOR, GRADUATION_YEAR) values (274, 1530431708, 1561708895, 'Universidad', 'Lanus', 'Luke', 2000);
--insert into ALUMNI_PROFILE (ID, TELEPHONE, ALTERNATIVE_TELEPHONE, MAXIMUM_EDUCATION, PESCAR_CENTER, COUNSELOR, GRADUATION_YEAR) values (275, 1524185731, 1515375189, 'Secundaria', 'Capital', 'Ginnie', 1998);
--insert into ALUMNI_PROFILE (ID, TELEPHONE, ALTERNATIVE_TELEPHONE, MAXIMUM_EDUCATION, PESCAR_CENTER, COUNSELOR, GRADUATION_YEAR) values (276, 1519826099, 1556979030, 'Maestria', 'Lanus', 'Berk', 1995);
--insert into ALUMNI_PROFILE (ID, TELEPHONE, ALTERNATIVE_TELEPHONE, MAXIMUM_EDUCATION, PESCAR_CENTER, COUNSELOR, GRADUATION_YEAR) values (277, 1580370952, 1536315262, 'Maestria', 'Capital', 'Roley', 1991);
--insert into ALUMNI_PROFILE (ID, TELEPHONE, ALTERNATIVE_TELEPHONE, MAXIMUM_EDUCATION, PESCAR_CENTER, COUNSELOR, GRADUATION_YEAR) values (278, 1531371216, 1505629000, 'Universidad', 'Cordoba', 'Ginnie', 1995);
--insert into ALUMNI_PROFILE (ID, TELEPHONE, ALTERNATIVE_TELEPHONE, MAXIMUM_EDUCATION, PESCAR_CENTER, COUNSELOR, GRADUATION_YEAR) values (279, 1514193082, 1550211068, 'Maestria', 'Cordoba', 'Luke', 2000);
--insert into ALUMNI_PROFILE (ID, TELEPHONE, ALTERNATIVE_TELEPHONE, MAXIMUM_EDUCATION, PESCAR_CENTER, COUNSELOR, GRADUATION_YEAR) values (280, 1544785838, 1589610044, 'Universidad', 'Lanus', 'Mindy', 1998);
--insert into ALUMNI_PROFILE (ID, TELEPHONE, ALTERNATIVE_TELEPHONE, MAXIMUM_EDUCATION, PESCAR_CENTER, COUNSELOR, GRADUATION_YEAR) values (281, 1555980271, 1517141425, 'Secundaria', 'Cordoba', 'Ginnie', 1995);
--insert into ALUMNI_PROFILE (ID, TELEPHONE, ALTERNATIVE_TELEPHONE, MAXIMUM_EDUCATION, PESCAR_CENTER, COUNSELOR, GRADUATION_YEAR) values (282, 1534086319, 1560561390, 'Maestria', 'Cordoba', 'Roley', 1992);
--insert into ALUMNI_PROFILE (ID, TELEPHONE, ALTERNATIVE_TELEPHONE, MAXIMUM_EDUCATION, PESCAR_CENTER, COUNSELOR, GRADUATION_YEAR) values (283, 1584211532, 1503838178, 'Maestria', 'San Juan', 'Calla', 1998);
--insert into ALUMNI_PROFILE (ID, TELEPHONE, ALTERNATIVE_TELEPHONE, MAXIMUM_EDUCATION, PESCAR_CENTER, COUNSELOR, GRADUATION_YEAR) values (284, 1521337793, 1532503913, 'Secundaria', 'Capital', 'Luke', 2001);
--insert into ALUMNI_PROFILE (ID, TELEPHONE, ALTERNATIVE_TELEPHONE, MAXIMUM_EDUCATION, PESCAR_CENTER, COUNSELOR, GRADUATION_YEAR) values (285, 1518275353, 1529678137, 'Secundaria', 'Capital', 'Berk', 1998);
--insert into ALUMNI_PROFILE (ID, TELEPHONE, ALTERNATIVE_TELEPHONE, MAXIMUM_EDUCATION, PESCAR_CENTER, COUNSELOR, GRADUATION_YEAR) values (286, 1501811300, 1589136007, 'Secundaria', 'Lanus', 'Ginnie', 1997);
--insert into ALUMNI_PROFILE (ID, TELEPHONE, ALTERNATIVE_TELEPHONE, MAXIMUM_EDUCATION, PESCAR_CENTER, COUNSELOR, GRADUATION_YEAR) values (287, 1503592621, 1552489854, 'Secundaria', 'Lanus', 'Berk', 1994);
--insert into ALUMNI_PROFILE (ID, TELEPHONE, ALTERNATIVE_TELEPHONE, MAXIMUM_EDUCATION, PESCAR_CENTER, COUNSELOR, GRADUATION_YEAR) values (288, 1563680717, 1569033226, 'Universidad', 'Lanus', 'Berk', 1994);
--insert into ALUMNI_PROFILE (ID, TELEPHONE, ALTERNATIVE_TELEPHONE, MAXIMUM_EDUCATION, PESCAR_CENTER, COUNSELOR, GRADUATION_YEAR) values (289, 1519956280, 1530772583, 'Maestria', 'San Juan', 'Berk', 1997);
--insert into ALUMNI_PROFILE (ID, TELEPHONE, ALTERNATIVE_TELEPHONE, MAXIMUM_EDUCATION, PESCAR_CENTER, COUNSELOR, GRADUATION_YEAR) values (290, 1547611756, 1521898812, 'Secundaria', 'Cordoba', 'Berk', 1994);
--insert into ALUMNI_PROFILE (ID, TELEPHONE, ALTERNATIVE_TELEPHONE, MAXIMUM_EDUCATION, PESCAR_CENTER, COUNSELOR, GRADUATION_YEAR) values (291, 1511563452, 1599285840, 'Universidad', 'San Juan', 'Roley', 2001);
--insert into ALUMNI_PROFILE (ID, TELEPHONE, ALTERNATIVE_TELEPHONE, MAXIMUM_EDUCATION, PESCAR_CENTER, COUNSELOR, GRADUATION_YEAR) values (292, 1547604791, 1584971525, 'Secundaria', 'Capital', 'Roley', 1992);
--insert into ALUMNI_PROFILE (ID, TELEPHONE, ALTERNATIVE_TELEPHONE, MAXIMUM_EDUCATION, PESCAR_CENTER, COUNSELOR, GRADUATION_YEAR) values (293, 1547507294, 1506341693, 'Secundaria', 'Capital', 'Ginnie', 1995);
--insert into ALUMNI_PROFILE (ID, TELEPHONE, ALTERNATIVE_TELEPHONE, MAXIMUM_EDUCATION, PESCAR_CENTER, COUNSELOR, GRADUATION_YEAR) values (294, 1526295910, 1557259010, 'Secundaria', 'Capital', 'Mindy', 1996);
--insert into ALUMNI_PROFILE (ID, TELEPHONE, ALTERNATIVE_TELEPHONE, MAXIMUM_EDUCATION, PESCAR_CENTER, COUNSELOR, GRADUATION_YEAR) values (295, 1598999828, 1512108825, 'Maestria', 'Cordoba', 'Ginnie', 1991);
--insert into ALUMNI_PROFILE (ID, TELEPHONE, ALTERNATIVE_TELEPHONE, MAXIMUM_EDUCATION, PESCAR_CENTER, COUNSELOR, GRADUATION_YEAR) values (296, 1531367739, 1512455169, 'Maestria', 'San Juan', 'Berk', 1998);
--insert into ALUMNI_PROFILE (ID, TELEPHONE, ALTERNATIVE_TELEPHONE, MAXIMUM_EDUCATION, PESCAR_CENTER, COUNSELOR, GRADUATION_YEAR) values (297, 1593365837, 1565566897, 'Secundaria', 'Capital', 'Roley', 1999);
--insert into ALUMNI_PROFILE (ID, TELEPHONE, ALTERNATIVE_TELEPHONE, MAXIMUM_EDUCATION, PESCAR_CENTER, COUNSELOR, GRADUATION_YEAR) values (298, 1549566629, 1500318607, 'Universidad', 'Lanus', 'Berk', 1995);
--insert into ALUMNI_PROFILE (ID, TELEPHONE, ALTERNATIVE_TELEPHONE, MAXIMUM_EDUCATION, PESCAR_CENTER, COUNSELOR, GRADUATION_YEAR) values (299, 1518889468, 1530133562, 'Universidad', 'Capital', 'Luke', 1991);
--insert into ALUMNI_PROFILE (ID, TELEPHONE, ALTERNATIVE_TELEPHONE, MAXIMUM_EDUCATION, PESCAR_CENTER, COUNSELOR, GRADUATION_YEAR) values (300, 1599894066, 1559883801, 'Maestria', 'Lanus', 'Berk', 1994);
--insert into ALUMNI_PROFILE (ID, TELEPHONE, ALTERNATIVE_TELEPHONE, MAXIMUM_EDUCATION, PESCAR_CENTER, COUNSELOR, GRADUATION_YEAR) values (301, 1519126358, 1560301671, 'Universidad', 'Lanus', 'Luke', 1998);
--insert into ALUMNI_PROFILE (ID, TELEPHONE, ALTERNATIVE_TELEPHONE, MAXIMUM_EDUCATION, PESCAR_CENTER, COUNSELOR, GRADUATION_YEAR) values (302, 1511092676, 1510400825, 'Secundaria', 'Capital', 'Luke', 1995);
--insert into ALUMNI_PROFILE (ID, TELEPHONE, ALTERNATIVE_TELEPHONE, MAXIMUM_EDUCATION, PESCAR_CENTER, COUNSELOR, GRADUATION_YEAR) values (303, 1551029823, 1568485165, 'Maestria', 'San Juan', 'Berk', 1992);
--insert into ALUMNI_PROFILE (ID, TELEPHONE, ALTERNATIVE_TELEPHONE, MAXIMUM_EDUCATION, PESCAR_CENTER, COUNSELOR, GRADUATION_YEAR) values (304, 1557929676, 1593880763, 'Maestria', 'Capital', 'Mindy', 1998);
--insert into ALUMNI_PROFILE (ID, TELEPHONE, ALTERNATIVE_TELEPHONE, MAXIMUM_EDUCATION, PESCAR_CENTER, COUNSELOR, GRADUATION_YEAR) values (305, 1573504348, 1524326924, 'Secundaria', 'Lanus', 'Calla', 2000);
--insert into ALUMNI_PROFILE (ID, TELEPHONE, ALTERNATIVE_TELEPHONE, MAXIMUM_EDUCATION, PESCAR_CENTER, COUNSELOR, GRADUATION_YEAR) values (306, 1570605398, 1596582256, 'Universidad', 'Capital', 'Calla', 1992);
--insert into ALUMNI_PROFILE (ID, TELEPHONE, ALTERNATIVE_TELEPHONE, MAXIMUM_EDUCATION, PESCAR_CENTER, COUNSELOR, GRADUATION_YEAR) values (307, 1599906994, 1542221224, 'Maestria', 'Lanus', 'Calla', 1993);
--insert into ALUMNI_PROFILE (ID, TELEPHONE, ALTERNATIVE_TELEPHONE, MAXIMUM_EDUCATION, PESCAR_CENTER, COUNSELOR, GRADUATION_YEAR) values (308, 1558193675, 1546406885, 'Maestria', 'Lanus', 'Luke', 1990);
--insert into ALUMNI_PROFILE (ID, TELEPHONE, ALTERNATIVE_TELEPHONE, MAXIMUM_EDUCATION, PESCAR_CENTER, COUNSELOR, GRADUATION_YEAR) values (309, 1528350146, 1594613009, 'Secundaria', 'Capital', 'Luke', 1990);
--insert into ALUMNI_PROFILE (ID, TELEPHONE, ALTERNATIVE_TELEPHONE, MAXIMUM_EDUCATION, PESCAR_CENTER, COUNSELOR, GRADUATION_YEAR) values (310, 1560831279, 1549484374, 'Maestria', 'San Juan', 'Roley', 1992);
--insert into ALUMNI_PROFILE (ID, TELEPHONE, ALTERNATIVE_TELEPHONE, MAXIMUM_EDUCATION, PESCAR_CENTER, COUNSELOR, GRADUATION_YEAR) values (311, 1518918320, 1589135397, 'Secundaria', 'Cordoba', 'Luke', 1994);
--insert into ALUMNI_PROFILE (ID, TELEPHONE, ALTERNATIVE_TELEPHONE, MAXIMUM_EDUCATION, PESCAR_CENTER, COUNSELOR, GRADUATION_YEAR) values (312, 1534529239, 1565339218, 'Secundaria', 'Capital', 'Berk', 1999);
--insert into ALUMNI_PROFILE (ID, TELEPHONE, ALTERNATIVE_TELEPHONE, MAXIMUM_EDUCATION, PESCAR_CENTER, COUNSELOR, GRADUATION_YEAR) values (313, 1507045406, 1563562467, 'Secundaria', 'San Juan', 'Roley', 1999);
--insert into ALUMNI_PROFILE (ID, TELEPHONE, ALTERNATIVE_TELEPHONE, MAXIMUM_EDUCATION, PESCAR_CENTER, COUNSELOR, GRADUATION_YEAR) values (314, 1589673313, 1579874694, 'Universidad', 'Capital', 'Berk', 1991);
--insert into ALUMNI_PROFILE (ID, TELEPHONE, ALTERNATIVE_TELEPHONE, MAXIMUM_EDUCATION, PESCAR_CENTER, COUNSELOR, GRADUATION_YEAR) values (315, 1562238986, 1561729178, 'Universidad', 'Lanus', 'Calla', 1991);
--insert into ALUMNI_PROFILE (ID, TELEPHONE, ALTERNATIVE_TELEPHONE, MAXIMUM_EDUCATION, PESCAR_CENTER, COUNSELOR, GRADUATION_YEAR) values (316, 1539259378, 1510864398, 'Maestria', 'Capital', 'Berk', 1996);
--insert into ALUMNI_PROFILE (ID, TELEPHONE, ALTERNATIVE_TELEPHONE, MAXIMUM_EDUCATION, PESCAR_CENTER, COUNSELOR, GRADUATION_YEAR) values (317, 1522162678, 1543154958, 'Secundaria', 'Cordoba', 'Luke', 1997);
--insert into ALUMNI_PROFILE (ID, TELEPHONE, ALTERNATIVE_TELEPHONE, MAXIMUM_EDUCATION, PESCAR_CENTER, COUNSELOR, GRADUATION_YEAR) values (318, 1521216258, 1544284265, 'Secundaria', 'Cordoba', 'Calla', 1996);
--insert into ALUMNI_PROFILE (ID, TELEPHONE, ALTERNATIVE_TELEPHONE, MAXIMUM_EDUCATION, PESCAR_CENTER, COUNSELOR, GRADUATION_YEAR) values (319, 1546138281, 1516833052, 'Maestria', 'San Juan', 'Luke', 1996);
--insert into ALUMNI_PROFILE (ID, TELEPHONE, ALTERNATIVE_TELEPHONE, MAXIMUM_EDUCATION, PESCAR_CENTER, COUNSELOR, GRADUATION_YEAR) values (320, 1551624386, 1508782581, 'Secundaria', 'Lanus', 'Calla', 2000);
